canonical_name,alias,language
Aaron,Erin,en
Aaron,Ron,en
Aaron,Ronnie,en
Abbigail,Abbe,en
Abbigail,Abbey,en
Abbigail,Abbi,en
Abbigail,Abbie,en
Abbigail,Abby,en
Abbigail,Gail,en
Abbigail,Nabby,en
Abbigale,Abbe,en
Abbigale,Abbey,en
Abbigale,Abbi,en
Abbigale,Abbie,en
Abbigale,Abby,en
Abbigale,Gail,en
Abbigale,Nabby,en
Abednego,Bedney,en
Abel,Ab,en
Abel,Abe,en
Abel,Eb,en
Abel,Ebbie,en
Abiel,Ab,en
Abigail,Abbe,en
Abigail,Abbey,en
Abigail,Abbi,en
Abigail,Abbie,en
Abigail,Abby,en
Abigail,Gail,en
Abigail,Nabby,en
Abigale,Abbe,en
Abigale,Abbey,en
Abigale,Abbi,en
Abigale,Abbie,en
Abigale,Abby,en
Abigale,Gail,en
Abigale,Nabby,en
Abijah,Ab,en
Abijah,Bige,en
Abner,Ab,en
Abraham,Ab,en
Abraham,Abe,en
Abram,Ab,en
Abram,Abe,en
Absalom,Ab,en
Absalom,Abbie,en
Absalom,App,en
Ada,Addy,en
Ada,Adie,en
Adaline,Ada,en
Adaline,Addy,en
Adaline,Adie,en
Adaline,Delia,en
Adaline,Dell,en
Adaline,Lena,en
Addison,Addie,en
Addison,Addy,en
Adela,Adie,en
Adela,Della,en
Adelaide,Addy,en
Adelaide,Adele,en
Adelaide,Adie,en
Adelaide,Dell,en
Adelaide,Della,en
Adelaide,Heidi,en
Adelbert,Albert,en
Adelbert,Bert,en
Adelbert,Del,en
Adelbert,Delbert,en
Adele,Addy,en
Adele,Dell,en
Adeline,Ada,en
Adeline,Addy,en
Adeline,Delia,en
Adeline,Dell,en
Adeline,Lena,en
Adelphia,Addy,en
Adelphia,Adele,en
Adelphia,Dell,en
Adelphia,Delphia,en
Adelphia,Philly,en
Adena,Adina,en
Adena,Deena,en
Adena,Dena,en
Adena,Dina,en
Adolphus,Ado,en
Adolphus,Adolph,en
Adolphus,Dolph,en
Adrian,Rian,en
Adriane,Riane,en
Adrienne,Addie,en
Adrienne,Enne,en
Adrienne,Rienne,en
Agatha,Aga,en
Agatha,Aggy,en
Agnes,Aggy,en
Agnes,Inez,en
Agnes,Nessa,en
Aileen,Allie,en
Aileen,Lena,en
Alan,Al,en
Alanson,Al,en
Alanson,Lanson,en
Alastair,Al,en
Alazama,Ali,en
Albert,Al,en
Albert,Bert,en
Alberta,Allie,en
Alberta,Bert,en
Alberta,Bertie,en
Aldo,Al,en
Aldrich,Rich,en
Aldrich,Riche,en
Aldrich,Richie,en
Aleksandr,Alek,en
Aleksandr,Alex,en
Aleva,Leve,en
Aleva,Levy,en
Alex,Al,en
Alexander,Al,en
Alexander,Alec,en
Alexander,Alex,en
Alexander,Sandy,en
Alexandra,Alex,en
Alexandra,Alla,en
Alexandra,Sandra,en
Alexandra,Sandy,en
Alexandria,Alex,en
Alexandria,Alexander,en
Alexandria,Alla,en
Alexandria,Drina,en
Alexandria,Sandra,en
Alexis,Alex,en
Alexis,Lexi,en
Alfonse,Al,en
Alfred,Al,en
Alfred,Fred,en
Alfred,Freddy,en
Alfreda,Alfy,en
Alfreda,Freda,en
Alfreda,Freddy,en
Alfreda,Frieda,en
Algernon,Algy,en
Alice,Allie,en
Alice,Elsie,en
Alice,Lisa,en
Alicia,Allie,en
Alicia,Elsie,en
Alicia,Lisa,en
Aline,Adeline,en
Alison,Ali,en
Alison,Allie,en
Alixandra,Alix,en
Allan,Al,en
Allan,Alan,en
Allan,Allen,en
Allen,Al,en
Allen,Alan,en
Allen,Allan,en
Allisandra,Ali,en
Allisandra,Allie,en
Allisandra,Ally,en
Allison,Ali,en
Allison,Allie,en
Allison,Ally,en
Allyson,Ali,en
Allyson,Allie,en
Allyson,Ally,en
Allyssa,Ali,en
Allyssa,Allie,en
Allyssa,Ally,en
Almena,Ali,en
Almena,Allie,en
Almena,Ally,en
Almena,Mena,en
Almina,Minnie,en
Almira,Myra,en
Alonzo,Al,en
Alonzo,Lon,en
Alonzo,Lonzo,en
Alphinias,Alphus,en
Althea,Ally,en
Alverta,Vert,en
Alverta,Virdie,en
Alyssa,Al,en
Alyssa,Ally,en
Alyssa,Lissia,en
Alzada,Zada,en
Amanda,Manda,en
Amanda,Mandy,en
Ambrose,Brose,en
Amelia,Amy,en
Amelia,Emily,en
Amelia,Mel,en
Amelia,Millie,en
Amos,Moses,en
Anastasia,Ana,en
Anastasia,Stacy,en
Anderson,Andy,en
Andre,Drea,en
Andrea,Andi,en
Andrea,Andrew,en
Andrea,Andy,en
Andrea,Drea,en
Andrea,Rea,en
Andrew,Andy,en
Andrew,Drew,en
Andrew,Randy,en
Andriane,Ada,en
Andriane,Adri,en
Andriane,Rienne,en
Angela,Angel,en
Angela,Angie,en
Angelica,Angel,en
Angelica,Angelika,en
Angelica,Angelique,en
Angelica,Angie,en
Angelina,Angel,en
Angelina,Angie,en
Angelina,Lina,en
Ann,Annie,en
Ann,Nan,en
Anna,Ann,en
Anna,Anne,en
Anna,Annie,en
Anna,Nan,en
Anne,Ann,en
Anne,Annie,en
Anne,Nan,en
Annette,Anna,en
Annette,Nettie,en
Annie,Ann,en
Annie,Anna,en
Anselm,Ance,en
Anselm,Anse,en
Anselm,Ansel,en
Anselm,Selma,en
Anthony,Ant,en
Anthony,Tony,en
Antoinette,Ann,en
Antoinette,Netta,en
Antoinette,Tony,en
Antonia,Ann,en
Antonia,Netta,en
Antonia,Tony,en
Antonio,Ant,en
Antonio,Tony,en
Appoline,Appie,en
Appoline,Appy,en
Aquilla,Quil,en
Aquilla,Quillie,en
Ara,Arry,en
Ara,Belle,en
Arabella,Ara,en
Arabella,Arry,en
Arabella,Bella,en
Arabella,Belle,en
Arabelle,Ara,en
Arabelle,Arry,en
Arabelle,Bella,en
Arabelle,Belle,en
Araminta,Armida,en
Araminta,Middie,en
Araminta,Minty,en
Araminta,Ruminta,en
Archibald,Archie,en
Archilles,Kill,en
Archilles,Killis,en
Ariadne,Ari,en
Ariadne,Arie,en
Arielle,Arie,en
Aristotle,Telly,en
Arizona,Ona,en
Arizona,Onie,en
Arlene,Arly,en
Arlene,Lena,en
Armanda,Mandy,en
Armena,Arry,en
Armena,Mena,en
Armilda,Milly,en
Arminda,Mindie,en
Arminta,Minite,en
Arminta,Minnie,en
Arnold,Arnie,en
Aron,Erin,en
Aron,Ron,en
Aron,Ronnie,en
Artelepsa,Epsey,en
Artemus,Art,en
Arthur,Art,en
Arthusa,Thursa,en
Arzada,Zaddi,en
Asahel,Asa,en
Asaph,Asa,en
Asenath,Assene,en
Asenath,Natty,en
Asenath,Sene,en
Ashley,Ash,en
Ashley,Ashly,en
Ashley,Leah,en
Ashley,Lee,en
Aubrey,Bree,en
Audrey,Audree,en
Audrey,Dee,en
August,Gus,en
Augusta,Aggy,en
Augusta,Gatsy,en
Augusta,Gussie,en
Augusta,Tina,en
Augustina,Aggy,en
Augustina,Gatsy,en
Augustina,Gussie,en
Augustina,Tina,en
Augustine,August,en
Augustine,Austin,en
Augustine,Gus,en
Augustus,August,en
Augustus,Austin,en
Augustus,Gus,en
Aurelia,Aurilla,en
Aurelia,Ora,en
Aurelia,Orilla,en
Aurelia,Ree,en
Aurelia,Rilly,en
Avarilla,Rilla,en
Azariah,Aze,en
Azariah,Riah,en
Bab,Barby,en
Babs,Bab,en
Babs,Barbara,en
Babs,Barby,en
Barbara,Bab,en
Barbara,Babs,en
Barbara,Barbie,en
Barbara,Barby,en
Barbara,Bobbie,en
Barbery,Barbara,en
Barbie,Barbara,en
Barnabas,Barney,en
Barney,Barnabas,en
Bart,Bartholomew,en
Bartholomew,Bart,en
Bartholomew,Bartel,en
Bartholomew,Bat,en
Bartholomew,Mees,en
Bartholomew,Meus,en
Barticus,Bart,en
Bazaleel,Basil,en
Bea,Beatrice,en
Beatrice,Bea,en
Beatrice,Trisha,en
Beatrice,Trix,en
Beatrice,Trixie,en
Becca,Beck,en
Beck,Becky,en
Bedelia,Bridgit,en
Bedelia,Delia,en
Belinda,Belle,en
Belinda,Linda,en
Bella,Arabella,en
Bella,Belle,en
Bella,Isabella,en
Benedict,Ben,en
Benedict,Bennie,en
Benjamin,Ben,en
Benjamin,Benjy,en
Benjamin,Bennie,en
Benjamin,Benny,en
Benjamin,Jamie,en
Benjy,Benjamin,en
Bernard,Barney,en
Bernard,Berney,en
Bernard,Bernie,en
Bernard,Berny,en
Berney,Bernie,en
Bert,Bertie,en
Bert,Bob,en
Bert,Bobby,en
Bertha,Bert,en
Bertha,Bertie,en
Bertha,Birdie,en
Bertram,Bert,en
Bertrand,Randy,en
Bess,Bessie,en
Beth,Betsy,en
Beth,Betty,en
Beth,Elizabeth,en
Bethena,Beth,en
Bethena,Thaney,en
Beverly,Bev,en
Bezaleel,Zeely,en
Biddie,Biddy,en
Bill,Billy,en
Bill,Fred,en
Bill,Robert,en
Bill,William,en
Bill,Willie,en
Billy,Fred,en
Billy,Robert,en
Billy,William,en
Blanche,Bea,en
Bob,Rob,en
Bob,Robert,en
Bobby,Bob,en
Bobby,Rob,en
Boetius,Bo,en
Brad,Bradford,en
Brad,Ford,en
Bradford,Brad,en
Bradford,Ford,en
Bradley,Brad,en
Brady,Brody,en
Breanna,Bree,en
Breanna,Bri,en
Breeanna,Bree,en
Brenda,Brandy,en
Brian,Bryan,en
Brian,Bryant,en
Brianna,Bri,en
Bridget,Biddie,en
Bridget,Biddy,en
Bridget,Bridgie,en
Bridget,Bridie,en
Brittany,Britt,en
Brittany,Brittnie,en
Brittney,Britt,en
Brittney,Brittnie,en
Broderick,Brady,en
Broderick,Brody,en
Broderick,Rick,en
Broderick,Ricky,en
Broderick,Rod,en
Bryanna,Ana,en
Bryanna,Anna,en
Bryanna,Bri,en
Bryanna,Briana,en
Bryanna,Brianna,en
Caitlin,Cait,en
Caitlin,Caity,en
Caitlyn,Cait,en
Caitlyn,Caity,en
Caldonia,Calliedona,en
Caleb,Cal,en
California,Callie,en
Calista,Kissy,en
Calpurnia,Cally,en
Calvin,Cal,en
Calvin,Vin,en
Calvin,Vinny,en
Cameron,Cam,en
Cameron,Ron,en
Cameron,Ronny,en
Camile,Cammie,en
Camille,Cammie,en
Camille,Millie,en
Campbell,Cam,en
Candace,Candy,en
Candace,Dacey,en
Carla,Carly,en
Carla,Karla,en
Carlotta,Lottie,en
Carlton,Carl,en
Carmellia,Mellia,en
Carmelo,Melo,en
Carmon,Cammie,en
Carmon,Carm,en
Carmon,Charm,en
Carol,Carolann,en
Carol,Carole,en
Carol,Caroline,en
Carol,Carri,en
Carol,Carrie,en
Carol,Cassie,en
Carol,Kara,en
Carol,Kari,en
Carol,Lynn,en
Carolann,Carol,en
Carolann,Carole,en
Caroline,Carol,en
Caroline,Carole,en
Caroline,Carrie,en
Caroline,Cassie,en
Caroline,Lynn,en
Carolyn,Carrie,en
Carolyn,Cassie,en
Carolyn,Lynn,en
Carrie,Cassie,en
Carthaette,Etta,en
Carthaette,Etty,en
Casey,K.C.,en
Casper,Jasper,en
Cassandra,Cassie,en
Cassandra,Sandra,en
Cassandra,Sandy,en
Cassidy,Cass,en
Cassidy,Cassie,en
Caswell,Cass,en
Catherine,Casey,en
Catherine,Cassie,en
Catherine,Cathy,en
Catherine,Kathy,en
Catherine,Katy,en
Catherine,Kay,en
Catherine,Kit,en
Catherine,Kittie,en
Catherine,Lena,en
Catherine,Trina,en
Cathleen,Casey,en
Cathleen,Cassie,en
Cathleen,Cathy,en
Cathleen,Kathy,en
Cathleen,Katy,en
Cathleen,Kay,en
Cathleen,Kit,en
Cathleen,Kittie,en
Cathleen,Lena,en
Cathleen,Trina,en
Cathy,Catherine,en
Cathy,Cathleen,en
Cathy,Kathy,en
Cecilia,Celia,en
Cecilia,Cissy,en
Cedric,Ced,en
Cedric,Rick,en
Cedric,Ricky,en
Celeste,Celia,en
Celeste,Lessie,en
Celinda,Linda,en
Celinda,Lindy,en
Celinda,Lynn,en
Charity,Chat,en
Charles,Carl,en
Charles,Charlie,en
Charles,Chick,en
Charles,Chuck,en
Charlie,Charles,en
Charlie,Chuck,en
Charlotte,Char,en
Charlotte,Lotta,en
Charlotte,Lottie,en
Charlotte,Sherry,en
Chauncey,Chan,en
Chelsey,Chelsie,en
Cheryl,Cher,en
Chesley,Chet,en
Chester,Chet,en
Chet,Chester,en
Chick,Caroline,en
Chick,Charlotte,en
Chick,Chuck,en
Chloe,Clo,en
Chris,Kris,en
Christa,Chris,en
Christian,Chris,en
Christian,Kit,en
Christiana,Ann,en
Christiana,Chris,en
Christiana,Christy,en
Christiana,Crissy,en
Christiana,Kris,en
Christiana,Kristy,en
Christiana,Tina,en
Christiano,Chris,en
Christina,Chris,en
Christina,Chrissy,en
Christina,Christy,en
Christina,Crissy,en
Christina,Kris,en
Christina,Kristy,en
Christina,Tina,en
Christine,Chris,en
Christine,Chrissy,en
Christine,Christy,en
Christine,Crissy,en
Christine,Kris,en
Christine,Kristy,en
Christine,Tina,en
Christoffer,Chris,en
Christoph,Chris,en
Christopher,Chris,en
Christopher,Kit,en
Christy,Crissy,en
Cicely,Cilla,en
Cinderella,Arilla,en
Cinderella,Cindy,en
Cinderella,Rella,en
Cinderella,Rilla,en
Cindy,Cinderella,en
Claire,Clair,en
Claire,Clara,en
Claire,Clare,en
Clara,Clarissa,en
Clare,Clara,en
Clarence,Clair,en
Clarence,Clare,en
Clarinda,Clara,en
Clarissa,Cissy,en
Clarissa,Clara,en
Claudia,Claud,en
Cleatus,Cleat,en
Clement,Clem,en
Clementine,Clem,en
Clementine,Clement,en
Cliff,Clifford,en
Clifford,Cliff,en
Clifford,Ford,en
Clifton,Cliff,en
Clifton,Tony,en
Cole,Colie,en
Columbus,Clum,en
Con,Conny,en
Conrad,Con,en
Conrad,Conny,en
Constance,Connie,en
Cordelia,Cordy,en
Cordelia,Delia,en
Corey,Coco,en
Corey,Cordy,en
Corey,Ree,en
Corinne,Cora,en
Corinne,Ora,en
Cornelia,Cornie,en
Cornelia,Corny,en
Cornelia,Nelia,en
Cornelia,Nelle,en
Cornelia,Nelly,en
Cornelius,Con,en
Cornelius,Conny,en
Cornelius,Corny,en
Cornelius,Neil,en
Cornelius,Niel,en
Cory,Coco,en
Cory,Cordy,en
Cory,Ree,en
Courtney,Court,en
Courtney,Curt,en
Crystal,Chris,en
Crystal,Crys,en
Crystal,Stal,en
Crystal,Tal,en
Curtis,Curt,en
Cynthia,Cindy,en
Cynthia,Cintha,en
Cyrenius,Cene,en
Cyrenius,Cy,en
Cyrenius,Renius,en
Cyrenius,Serene,en
Cyrenius,Swene,en
Cyrus,Cy,en
Dahl,Dal,en
Dalton,Dahl,en
Dalton,Dal,en
Daniel,Dan,en
Daniel,Dann,en
Daniel,Danny,en
Danielle,Dani,en
Danielle,Ellie,en
Danny,Daniel,en
Daphne,Daph,en
Daphne,Daphie,en
Darlene,Darry,en
Darlene,Lena,en
David,Dave,en
David,Davey,en
David,Day,en
Daycia,Dacia,en
Daycia,Daisha,en
Deanne,Ann,en
Deanne,Dee,en
Debbie,Deb,en
Debbie,Debby,en
Debbie,Deborah,en
Debbie,Debra,en
Debby,Deb,en
Debora,Deb,en
Debora,Debbie,en
Debora,Debby,en
Deborah,Deb,en
Deborah,Debbie,en
Deborah,Debby,en
Debra,Deb,en
Debra,Debbie,en
Deidre,Deedee,en
Delbert,Bert,en
Delbert,Del,en
Delia,Cordelia,en
Delia,Delius,en
Delia,Fidelia,en
Delilah,Dell,en
Delilah,Della,en
Delilah,Lil,en
Delilah,Lila,en
Deliverance,Della,en
Deliverance,Delly,en
Deliverance,Dilly,en
Della,Adela,en
Della,Adelaide,en
Della,Delilah,en
Della,Dell,en
Delores,Dee,en
Delores,Dell,en
Delores,Della,en
Delores,Lola,en
Delores,Lolly,en
Delpha,Philadelphia,en
Delphine,Del,en
Delphine,Delf,en
Delphine,Delphi,en
Demaris,Dea,en
Demaris,Maris,en
Demaris,Mary,en
Demerias,Dea,en
Demerias,Maris,en
Demerias,Mary,en
Democrates,Mock,en
Dennis,Dennie,en
Dennis,Denny,en
Dennison,Dennis,en
Dennison,Denny,en
Derek,Derrek,en
Derek,Rick,en
Derek,Ricky,en
Derick,Rick,en
Derick,Ricky,en
Derrick,Eric,en
Derrick,Rick,en
Derrick,Ricky,en
Deuteronomy,Duty,en
Diana,Di,en
Diana,Dicey,en
Diana,Didi,en
Diane,Di,en
Diane,Dian,en
Diane,Dianne,en
Diane,Dicey,en
Diane,Didi,en
Dicey,Dicie,en
Dick,Richard,en
Dick,Rick,en
Dickson,Dick,en
Domenic,Dom,en
Domenic,Nic,en
Dominic,Dom,en
Dominic,Nic,en
Dominick,Dom,en
Dominick,Nick,en
Dominick,Nicky,en
Dominico,Dom,en
Donald,Don,en
Donald,Donnie,en
Donald,Donny,en
Donald,Dony,en
Donato,Don,en
Donna,Dona,en
Donovan,Don,en
Donovan,Donnie,en
Donovan,Donny,en
Donovan,Dony,en
Dorcus,Darkey,en
Dorinda,Dora,en
Dorinda,Dorothea,en
Doris,Dora,en
Dorothea,Doda,en
Dorothea,Dora,en
Dorothy,Dolly,en
Dorothy,Dora,en
Dorothy,Dortha,en
Dorothy,Dot,en
Dorothy,Dottie,en
Dorothy,Dotty,en
Dotha,Dotty,en
Dotty,Dot,en
Douglas,Doug,en
Drusilla,Silla,en
Duncan,Dunk,en
Earnest,Ernestine,en
Earnest,Ernie,en
Ebbie,Eb,en
Ebenezer,Eb,en
Ebenezer,Ebbie,en
Ebenezer,Eben,en
Eddie,Ed,en
Eddy,Ed,en
Edgar,Ed,en
Edgar,Eddie,en
Edgar,Eddy,en
Edith,Edie,en
Edith,Edye,en
Edmond,Ed,en
Edmond,Eddie,en
Edmond,Eddy,en
Edmund,Ed,en
Edmund,Eddie,en
Edmund,Eddy,en
Edmund,Ned,en
Edmund,Ted,en
Edna,Edny,en
Eduardo,Ed,en
Eduardo,Eddie,en
Eduardo,Eddy,en
Edward,Ed,en
Edward,Eddie,en
Edward,Eddy,en
Edward,Ned,en
Edward,Ted,en
Edward,Teddy,en
Edwin,Ed,en
Edwin,Eddie,en
Edwin,Eddy,en
Edwin,Ned,en
Edwin,Win,en
Edwina,Edwin,en
Edyth,Edie,en
Edyth,Edye,en
Edythe,Edie,en
Edythe,Edye,en
Egbert,Bert,en
Egbert,Burt,en
Eighta,Athy,en
Eileen,Helen,en
Elaine,Helen,en
Elaine,Lainie,en
Elbert,Albert,en
Elbert,Bert,en
Elbertson,Bert,en
Elbertson,Elbert,en
Eldora,Dora,en
Eleanor,Elaine,en
Eleanor,Ellen,en
Eleanor,Ellie,en
Eleanor,Lanna,en
Eleanor,Lenora,en
Eleanor,Nelly,en
Eleanor,Nora,en
Eleazer,Lazar,en
Elena,Helen,en
Elias,Eli,en
Elias,Lee,en
Elias,Lias,en
Elijah,Eli,en
Elijah,Lige,en
Eliphalel,Life,en
Eliphalet,Left,en
Elisa,Lisa,en
Elisha,Eli,en
Elisha,Lish,en
Eliza,Elizabeth,en
Elizabeth,Bess,en
Elizabeth,Bessie,en
Elizabeth,Beth,en
Elizabeth,Betsy,en
Elizabeth,Betty,en
Elizabeth,Eliza,en
Elizabeth,Lib,en
Elizabeth,Libby,en
Elizabeth,Lisa,en
Elizabeth,Liz,en
Elizabeth,Liza,en
Elizabeth,Lizzie,en
Elizabeth,Lizzy,en
Ella,El,en
Ella,Ellen,en
Ellen,Helen,en
Ellen,Nell,en
Ellen,Nellie,en
Ellender,Ellen,en
Ellender,Helen,en
Ellender,Nellie,en
Ellie,Elly,en
Ellswood,Elsey,en
Elminie,Minnie,en
Elmira,Ellie,en
Elmira,Elly,en
Elmira,Mira,en
Elnora,Nora,en
Eloise,Heloise,en
Eloise,Louise,en
Elouise,Louise,en
Elsie,Elsey,en
Elswood,Elsey,en
Elvira,Elvie,en
Elwood,Woody,en
Elysia,Lisa,en
Elysia,Lissa,en
Elze,Elsey,en
Emanuel,Manny,en
Emanuel,Manuel,en
Emeline,Em,en
Emeline,Emily,en
Emeline,Emma,en
Emeline,Emmy,en
Emeline,Milly,en
Emil,Em,en
Emil,Emily,en
Emily,Em,en
Emily,Emma,en
Emily,Emmy,en
Emily,Mel,en
Emily,Millie,en
Emma,Em,en
Emma,Emmy,en
Epaphroditius,Dite,en
Epaphroditius,Ditus,en
Epaphroditius,Dyce,en
Epaphroditius,Dyche,en
Epaphroditius,Eppa,en
Ephraim,Eph,en
Erasmus,Rasmus,en
Erasmus,Raze,en
Eric,Rick,en
Eric,Ricky,en
Ernest,Ernie,en
Ernestine,Erna,en
Ernestine,Ernest,en
Ernestine,Teeny,en
Ernestine,Tina,en
Erwin,Irwin,en
Eseneth,Senie,en
Essy,Es,en
Estella,Essy,en
Estella,Stella,en
Estelle,Essy,en
Estelle,Stella,en
Esther,Essie,en
Esther,Hester,en
Eudicy,Dicey,en
Eudora,Dora,en
Eudoris,Dosie,en
Eudoris,Dossie,en
Eugene,Gene,en
Eunice,Nicie,en
Euphemia,Effie,en
Euphemia,Effy,en
Eurydice,Dicey,en
Eustacia,Stacia,en
Eustacia,Stacy,en
Eva,Eve,en
Evaline,Eva,en
Evaline,Eve,en
Evaline,Lena,en
Evangeline,Ev,en
Evangeline,Evan,en
Evangeline,Vangie,en
Evelyn,Ev,en
Evelyn,Eve,en
Evelyn,Evelina,en
Experience,Exie,en
Ezekiel,Ez,en
Ezekiel,Zeke,en
Ezideen,Ez,en
Ezra,Ez,en
Faith,Fay,en
Fallon,Fal,en
Fallon,Falcon,en
Fallon,Fall,en
Fallon,Fallie,en
Fallon,Fally,en
Fallon,Falon,en
Fallon,Lon,en
Fallon,Lonnie,en
Felicia,Fel,en
Felicia,Feli,en
Felicia,Felix,en
Felicity,Flick,en
Felicity,Tick,en
Feltie,Felty,en
Ferdinand,Ferdie,en
Ferdinand,Fred,en
Ferdinand,Freddie,en
Ferdinand,Freddy,en
Ferdinando,Ferdie,en
Ferdinando,Fred,en
Ferdinando,Nando,en
Fidelia,Delia,en
Fionna,Fiona,en
Flora,Florence,en
Florence,Flo,en
Florence,Flora,en
Florence,Flossy,en
Floyd,Lloyd,en
Fran,Frannie,en
Frances,Cissy,en
Frances,Fanny,en
Frances,Fran,en
Frances,Francie,en
Frances,Frankie,en
Frances,Frannie,en
Frances,Franniey,en
Frances,Franny,en
Frances,Sis,en
Francie,Francine,en
Francine,Fran,en
Francine,Francie,en
Francine,Frannie,en
Francine,Franniey,en
Francine,Franny,en
Francis,Fran,en
Francis,Frank,en
Francis,Frankie,en
Frankie,Francis,en
Frankie,Frank,en
Franklin,Fran,en
Franklin,Frank,en
Franklind,Fran,en
Franklind,Frank,en
Freda,Frieda,en
Frederica,Erica,en
Frederica,Erika,en
Frederica,Freddy,en
Frederica,Frederick,en
Frederica,Rickey,en
Frederick,Derick,en
Frederick,Erick,en
Frederick,Fred,en
Frederick,Freddie,en
Frederick,Freddy,en
Frederick,Fritz,en
Frederick,Rick,en
Frederick,Ricky,en
Fredericka,Ericka,en
Fredericka,Freda,en
Fredericka,Freddy,en
Fredericka,Frieda,en
Fredericka,Ricka,en
Fredericka,Rickey,en
Frieda,Fred,en
Frieda,Freddie,en
Frieda,Freddy,en
Gabriel,Gabby,en
Gabriel,Gabe,en
Gabriella,Ella,en
Gabriella,Gabby,en
Gabrielle,Ella,en
Gabrielle,Gabby,en
Gareth,Gare,en
Gareth,Gary,en
Garrett,Barrett,en
Garrett,Gare,en
Garrett,Garratt,en
Garrett,Garret,en
Garrett,Garry,en
Garrett,Gary,en
Garrett,Jerry,en
Garrett,Rhett,en
Garrick,Garri,en
Genevieve,Eve,en
Genevieve,Jean,en
Genevieve,Jenny,en
Geoffrey,Geoff,en
Geoffrey,Jeff,en
George,Georgie,en
Georgiana,Georgia,en
Georgine,George,en
Gerald,Gerry,en
Gerald,Jerry,en
Geraldine,Dina,en
Geraldine,Gerri,en
Geraldine,Gerrie,en
Geraldine,Gerry,en
Geraldine,Jerry,en
Gerhardt,Gay,en
Gertie,Gert,en
Gertie,Gertrude,en
Gertrude,Gert,en
Gertrude,Gertie,en
Gertrude,Trudy,en
Gilbert,Bert,en
Gilbert,Gil,en
Gilbert,Wilber,en
Giovanni,Gio,en
Glenn,Glen,en
Gloria,Glory,en
Governor,Govie,en
Greenberry,Berry,en
Greenberry,Green,en
Greggory,Gregg,en
Gregory,Gory,en
Gregory,Greg,en
Gretchen,Margaret,en
Griselda,Grissel,en
Gum,Monty,en
Gus,Gussie,en
Gustavus,Gus,en
Gustavus,Gussie,en
Gwen,Wendy,en
Gwendolyn,Gwen,en
Gwendolyn,Wendy,en
Hailey,Haylee,en
Hailey,Hayley,en
Hamilton,Ham,en
Hannah,Anna,en
Hannah,Nan,en
Hannah,Nanny,en
Harold,Hal,en
Harold,Hap,en
Harold,Haps,en
Harold,Harry,en
Harriet,Hattie,en
Harrison,Hap,en
Harrison,Haps,en
Harrison,Harry,en
Harry,Hap,en
Harry,Haps,en
Harry,Harold,en
Harry,Henry,en
Haseltine,Hassie,en
Haylee,Hailey,en
Haylee,Hayley,en
Hayley,Hailey,en
Hayley,Haylee,en
Heather,Hetty,en
Helen,Ella,en
Helen,Ellen,en
Helen,Ellie,en
Helen,Lena,en
Helena,Aileen,en
Helena,Eileen,en
Helena,Elaine,en
Helena,Eleanor,en
Helena,Ellen,en
Helena,Lena,en
Helena,Nell,en
Helena,Nellie,en
Helene,Ella,en
Helene,Ellen,en
Helene,Ellie,en
Helene,Lena,en
Heloise,Eloise,en
Heloise,Elouise,en
Heloise,Lois,en
Henrietta,Etta,en
Henrietta,Etty,en
Henrietta,Hank,en
Henrietta,Henny,en
Henrietta,Nettie,en
Henrietta,Retta,en
Henry,Hal,en
Henry,Hank,en
Henry,Hap,en
Henry,Haps,en
Henry,Harry,en
Hephsibah,Hipsie,en
Hepsibah,Hipsie,en
Herbert,Bert,en
Herbert,Herb,en
Herman,Dutch,en
Herman,Harman,en
Hermione,Hermie,en
Hester,Esther,en
Hester,Hessy,en
Hester,Hetty,en
Hezekiah,Hez,en
Hezekiah,Hy,en
Hezekiah,Kiah,en
Hillary,Hilary,en
Hipsbibah,Hipsie,en
Hiram,Hy,en
Honora,Honey,en
Honora,Nora,en
Honora,Norah,en
Honora,Norry,en
Hopkins,Hop,en
Hopkins,Hopp,en
Horace,Horry,en
Hortense,Harty,en
Hortense,Tensey,en
Hosea,Hosey,en
Hosea,Hosie,en
Howard,Hal,en
Howard,Howie,en
Hubert,Bert,en
Hubert,Hub,en
Hubert,Hugh,en
Ian,John,en
Ignatius,Iggy,en
Ignatius,Nace,en
Ignatius,Nate,en
Ignatius,Natius,en
Ignatzio,Iggy,en
Ignatzio,Nace,en
Ignatzio,Naz,en
Immanuel,Emmanuel,en
Immanuel,Manuel,en
India,Indie,en
India,Indy,en
Inez,Agnes,en
Iona,Onnie,en
Irene,Rena,en
Irvin,Irving,en
Irving,Irv,en
Irwin,Erwin,en
Isaac,Ike,en
Isaac,Zeke,en
Isabel,Bell,en
Isabel,Bella,en
Isabel,Belle,en
Isabel,Ib,en
Isabel,Issy,en
Isabel,Nib,en
Isabel,Nibby,en
Isabel,Tibbie,en
Isabella,Bella,en
Isabella,Belle,en
Isabella,Ib,en
Isabella,Issy,en
Isabella,Nib,en
Isabella,Nibby,en
Isabella,Tibbie,en
Isabelle,Bella,en
Isabelle,Belle,en
Isabelle,Ib,en
Isabelle,Issy,en
Isabelle,Nib,en
Isabelle,Nibby,en
Isabelle,Tibbie,en
Isadora,Dora,en
Isadora,Issy,en
Isadore,Izzy,en
Isaiah,Zadie,en
Isaiah,Zay,en
Isidore,Izzy,en
Iva,Ivy,en
Ivan,John,en
Jackson,Jack,en
Jacob,Jaap,en
Jacob,Jake,en
Jacob,Jay,en
Jacobus,Jacob,en
Jacqueline,Jack,en
Jacqueline,Jackie,en
Jacqueline,Jacqui,en
Jahoda,Hoda,en
Jahoda,Hodie,en
Jahoda,Hody,en
Jakob,Jake,en
Jalen,Al,en
Jalen,Alen,en
Jalen,Haylen,en
Jalen,Jaelin,en
Jalen,Jaelyn,en
Jalen,Jailyn,en
Jalen,Jay,en
Jalen,Jaye,en
Jalen,Jaylin,en
Jalen,Jaylyn,en
Jalen,Len,en
Jalen,Lennie,en
Jalen,Lenny,en
James,Jamie,en
James,Jem,en
James,Jim,en
James,Jimmie,en
James,Jimmy,en
Jamey,James,en
Jamey,Jamie,en
Jamie,James,en
Jane,Janie,en
Jane,Jean,en
Jane,Jennie,en
Jane,Jessie,en
Janet,Jan,en
Janet,Jessie,en
Janice,Jan,en
Jannett,Nettie,en
Jasper,Casper,en
Jasper,Jap,en
Jayme,Jay,en
Jean,Jane,en
Jean,Jeannie,en
Jeanette,Janet,en
Jeanette,Jean,en
Jeanette,Jessie,en
Jeanette,Nettie,en
Jeanne,Jane,en
Jeanne,Jeannie,en
Jebadiah,Jeb,en
Jedediah,Diah,en
Jedediah,Dyer,en
Jedediah,Jed,en
Jedidiah,Diah,en
Jedidiah,Dyer,en
Jedidiah,Jed,en
Jefferey,Jeff,en
Jefferson,Jeff,en
Jefferson,Sonny,en
Jeffery,Jeff,en
Jeffrey,Geoff,en
Jeffrey,Jeff,en
Jehiel,Hiel,en
Jehu,Gee,en
Jehu,Hugh,en
Jemima,Mima,en
Jennet,Jenn,en
Jennet,Jenny,en
Jennet,Jessie,en
Jennifer,Jen,en
Jennifer,Jenn,en
Jennifer,Jenni,en
Jennifer,Jennie,en
Jennifer,Jenny,en
Jeremiah,Jereme,en
Jeremiah,Jerry,en
Jeremy,Jez,en
Jeremy,Jezza,en
Jerita,Rita,en
Jerry,Geraldine,en
Jerry,Geri,en
Jerry,Gerry,en
Jerry,Jereme,en
Jessica,Jess,en
Jessica,Jessie,en
Jessie,Jane,en
Jessie,Janet,en
Jessie,Jess,en
Jillian,Jill,en
Jim,Jimmie,en
Jincy,Jane,en
Jinsy,Jane,en
Joan,Jo,en
Joan,Nonie,en
Joann,Jo,en
Joanna,Hannah,en
Joanna,Jo,en
Joanna,Joan,en
Joanna,Jodi,en
Joanna,Jody,en
Joanne,Jo,en
Jody,Jo,en
Joe,Joey,en
Johann,John,en
Johanna,Jo,en
Johannah,Hannah,en
Johannah,Jo,en
Johannah,Joan,en
Johannah,Jody,en
Johannah,Nonie,en
Johannes,John,en
Johannes,Johnny,en
Johannes,Jonathan,en
John,Ian,en
John,Jack,en
John,Jock,en
John,Johnny,en
John,Jon,en
John,Jonnie,en
John,Jonny,en
Johnathan,John,en
Johnathan,Johnathon,en
Johnathan,Johny,en
Johnathan,Jon,en
Johnathan,Jonathan,en
Johnathan,Jonathon,en
Johnathan,Jonnie,en
Johnathan,Jonny,en
Johnathan,Nathan,en
Johnathon,John,en
Johnathon,Johnathan,en
Johnathon,Johny,en
Johnathon,Jon,en
Johnathon,Jonathan,en
Johnathon,Jonathon,en
Johnathon,Jonnie,en
Johnathon,Jonny,en
Jon,John,en
Jon,Johnny,en
Jon,Jonnie,en
Jon,Jonny,en
Jonathan,John,en
Jonathan,Johnathan,en
Jonathan,Johnathon,en
Jonathan,Johny,en
Jonathan,Jon,en
Jonathan,Jonathon,en
Jonathan,Jonnie,en
Jonathan,Jonny,en
Jonathan,Nathan,en
Jonathon,John,en
Jonathon,Johnathan,en
Jonathon,Johnathon,en
Jonathon,Johny,en
Jonathon,Jon,en
Jonathon,Jonathan,en
Jonathon,Jonnie,en
Jonathon,Jonny,en
Joseph,Jody,en
Joseph,Joe,en
Joseph,Joey,en
Joseph,Jos,en
Josephine,Fina,en
Josephine,Jo,en
Josephine,Jody,en
Josephine,Joey,en
Josephine,Josey,en
Josephine,Josie,en
Josetta,Jettie,en
Josey,Josophine,en
Joshua,Joe,en
Joshua,Jos,en
Joshua,Josh,en
Josiah,Jos,en
Josophine,Jo,en
Josophine,Joey,en
Josophine,Josey,en
Joyce,Joy,en
Juanita,Nettie,en
Juanita,Nita,en
Judah,Jude,en
Judah,Juder,en
Judith,Juda,en
Judith,Jude,en
Judith,Judi,en
Judith,Judie,en
Judith,Judy,en
Judson,Jud,en
Judson,Sonny,en
Judy,Judith,en
Julia,Jill,en
Julia,Jules,en
Julia,Julie,en
Julian,Jule,en
Julian,Jules,en
Julias,Jule,en
Julias,Jules,en
Julie,Jule,en
Julie,Jules,en
Julie,Julia,en
June,Junius,en
Junior,Jr,en
Junior,June,en
Junior,Junie,en
Justin,Justina,en
Justin,Juston,en
Justin,Justus,en
Kaitlin,Kait,en
Kaitlin,Kaitie,en
Kaitlyn,Kait,en
Kaitlyn,Kaitie,en
Kaitlynn,Kait,en
Kaitlynn,Kaitie,en
Kalli,Cali,en
Kalli,Kali,en
Kameron,Kam,en
Karla,Carla,en
Karla,Carly,en
Kasey,K.C.,en
Katarina,Catherine,en
Katarina,Tina,en
Kate,Kay,en
Katelin,Kate,en
Katelin,Kay,en
Katelin,Kaye,en
Katelyn,Kate,en
Katelyn,Kay,en
Katelyn,Kaye,en
Katherine,Cassie,en
Katherine,Cathy,en
Katherine,Kate,en
Katherine,Kathy,en
Katherine,Katy,en
Katherine,Kay,en
Katherine,Kaye,en
Katherine,Kit,en
Katherine,Kittie,en
Katherine,Lena,en
Katherine,Trina,en
Kathleen,Cassie,en
Kathleen,Cathy,en
Kathleen,Kathy,en
Kathleen,Katy,en
Kathleen,Kay,en
Kathleen,Kit,en
Kathleen,Kittie,en
Kathleen,Lena,en
Kathleen,Trina,en
Kathryn,Kate,en
Kathryn,Kathy,en
Kathryn,Katie,en
Katia,Kate,en
Katia,Katie,en
Katy,Kate,en
Katy,Kathy,en
Katy,Katie,en
Kayla,Kay,en
Kelley,Kelli,en
Kelley,Kellie,en
Kelley,Kelly,en
Kendall,Ken,en
Kendall,Kenny,en
Kendra,Kay,en
Kendra,Kenj,en
Kendra,Kenji,en
Kendra,Kenny,en
Kendrick,Ken,en
Kendrick,Kenny,en
Kendrik,Ken,en
Kendrik,Kenny,en
Kenneth,Ken,en
Kenneth,Kendrick,en
Kenneth,Kenny,en
Kenny,Ken,en
Kenny,Kenneth,en
Kent,Ken,en
Kent,Kendrick,en
Kent,Kenny,en
Kerry,Kerri,en
Kevin,Kev,en
Keziah,Kizza,en
Keziah,Kizzie,en
Kimberley,Kim,en
Kimberley,Kimberli,en
Kimberley,Kimberly,en
Kimberly,Kim,en
Kimberly,Kimberley,en
Kimberly,Kimberli,en
Kingsley,King,en
Kingston,King,en
Kit,Kittie,en
Kris,Chris,en
Kristel,Kris,en
Kristen,Chris,en
Kristin,Chris,en
Kristine,Chris,en
Kristine,Christy,en
Kristine,Crissy,en
Kristine,Kris,en
Kristine,Kristy,en
Kristine,Tina,en
Kristofer,Chris,en
Kristofer,Kris,en
Kristoffer,Chris,en
Kristoffer,Kris,en
Kristopher,Chris,en
Kristopher,Kris,en
Kristy,Chris,en
Kymberly,Kym,en
Lafayette,Fate,en
Lafayette,Laffie,en
Lamont,Monty,en
Laodicia,Cenia,en
Laodicia,Dicy,en
Larry,Laurence,en
Larry,Lawrence,en
Latisha,Tish,en
Latisha,Tisha,en
Laurel,Laurie,en
Lauren,Laurie,en
Lauren,Ren,en
Laurence,Larry,en
Laurence,Lon,en
Laurence,Lonny,en
Laurence,Lorne,en
Laurence,Lorry,en
Laurinda,Laura,en
Laurinda,Lawrence,en
Lauryn,Laurie,en
Laveda,Veda,en
Laverne,Verna,en
Laverne,Vernon,en
Lavina,Ina,en
Lavina,Vina,en
Lavina,Viney,en
Lavinia,Ina,en
Lavinia,Vina,en
Lavinia,Viney,en
Lavonia,Vina,en
Lavonia,Viney,en
Lavonia,Vonnie,en
Lavonia,Wyncha,en
Lavonne,Von,en
Lawrence,Larry,en
Lawrence,Lawrie,en
Lawrence,Lon,en
Lawrence,Lonny,en
Lawrence,Lorne,en
Lawrence,Lorry,en
Leanne,Annie,en
Leanne,Lea,en
Lecurgus,Curg,en
Leilani,Lani,en
Lemuel,Lem,en
Lena,Ellen,en
Lenora,Lee,en
Lenora,Nora,en
Leo,Leon,en
Leonard,Len,en
Leonard,Lenny,en
Leonard,Leo,en
Leonard,Leon,en
Leonard,Lineau,en
Leonidas,Lee,en
Leonidas,Leon,en
Leonora,Nell,en
Leonora,Nellie,en
Leonora,Nora,en
Leonore,Elenor,en
Leonore,Honor,en
Leonore,Nora,en
Leroy,L.R.,en
Leroy,Lee,en
Leroy,Roy,en
Lesley,Les,en
Leslie,Les,en
Lester,Les,en
Letitia,Lettice,en
Letitia,Lettie,en
Letitia,Tish,en
Letitia,Titia,en
Levi,Lee,en
Levicy,Vicy,en
Levone,Von,en
Lib,Libby,en
Lidia,Lyddy,en
Lil,Lilly,en
Lil,Lily,en
Lillah,Lil,en
Lillah,Lilly,en
Lillah,Lily,en
Lillah,Lolly,en
Lillian,Lil,en
Lillian,Lilly,en
Lillian,Lolly,en
Lilly,Lil,en
Lilly,Lily,en
Lincoln,Link,en
Linda,Lindy,en
Linda,Lynn,en
Lindsay,Lindsey,en
Lindsay,Lindsie,en
Lindsay,Lindsy,en
Lindy,Lynn,en
Lionel,Leon,en
Lisa,Liz,en
Littleberry,Berry,en
Littleberry,L.B.,en
Littleberry,Little,en
Lizzie,Liz,en
Lois,Lou,en
Lois,Louise,en
Lonzo,Lon,en
Lorelei,Laurie,en
Lorelei,Lori,en
Lorelei,Lorrie,en
Lorenzo,Loren,en
Loretta,Etta,en
Loretta,Lorie,en
Loretta,Lorrie,en
Loretta,Retta,en
Lorraine,Lorie,en
Lorraine,Lorrie,en
Lotta,Lottie,en
Lou,Louis,en
Lou,Lu,en
Louis,Lewis,en
Louis,Lou,en
Louis,Louie,en
Louis,Louise,en
Louisa,Eliza,en
Louisa,Lois,en
Louisa,Lou,en
Louise,Eliza,en
Louise,Lois,en
Louise,Lou,en
Louvinia,Vina,en
Louvinia,Viney,en
Louvinia,Vonnie,en
Louvinia,Wyncha,en
Lucas,Luke,en
Lucia,Lucius,en
Lucia,Lucy,en
Lucias,Luke,en
Lucille,Cille,en
Lucille,Lou,en
Lucille,Lu,en
Lucille,Lucy,en
Lucina,Sinah,en
Lucinda,Cindy,en
Lucinda,Lou,en
Lucinda,Lu,en
Lucinda,Lucy,en
Lucretia,Creasey,en
Lucy,Lucinda,en
Luella,Ella,en
Luella,Lu,en
Luella,Lula,en
Luke,Lucas,en
Lunetta,Nettie,en
Lurana,Lura,en
Luther,Luke,en
Lydia,Lyddy,en
Lyndon,Lindy,en
Lyndon,Lynn,en
Mabel,Amabel,en
Mabel,Mehitabel,en
Mac,Mc,en
Mack,Mac,en
Mack,Mc,en
Mackenzie,Kenzy,en
Mackenzie,Mac,en
Mackenzie,Mack,en
Maddison,Maddi,en
Maddison,Maddie,en
Maddy,Madeline,en
Maddy,Madelyn,en
Maddy,Madge,en
Madeline,Lena,en
Madeline,Maddi,en
Madeline,Maddie,en
Madeline,Maddy,en
Madeline,Madge,en
Madeline,Madie,en
Madeline,Magda,en
Madeline,Maggie,en
Madeline,Maud,en
Madelyn,Maddy,en
Madelyn,Madie,en
Madie,Madeline,en
Madie,Madelyn,en
Madison,Maddy,en
Madison,Mattie,en
Maegen,Meg,en
Magdalena,Lena,en
Magdalena,Maggie,en
Magdelina,Lena,en
Magdelina,Madge,en
Magdelina,Magda,en
Magdelina,Maggie,en
Mahala,Hallie,en
Makayla,Kayla,en
Malachi,Mally,en
Malcolm,Mac,en
Malcolm,Mal,en
Malcolm,Malc,en
Malinda,Lindy,en
Manda,Mandy,en
Mandie,Amanda,en
Mandy,Amanda,en
Manerva,Eve,en
Manerva,Minerva,en
Manerva,Nerva,en
Manerva,Nervie,en
Manny,Manuel,en
Manoah,Noah,en
Manola,Nonnie,en
Manuel,Emanuel,en
Manuel,Manny,en
Marcus,Marc,en
Marcus,Mark,en
Margaret,Daisy,en
Margaret,Gretta,en
Margaret,Madge,en
Margaret,Maggie,en
Margaret,Maggy,en
Margaret,Marge,en
Margaret,Margery,en
Margaret,Margie,en
Margaret,Margy,en
Margaret,Meg,en
Margaret,Midge,en
Margaret,Peg,en
Margaret,Peggy,en
Margaret,Rita,en
Margaretta,Daisy,en
Margaretta,Gretta,en
Margaretta,Madge,en
Margaretta,Maggie,en
Margaretta,Marge,en
Margaretta,Margery,en
Margaretta,Margie,en
Margaretta,Meg,en
Margaretta,Midge,en
Margaretta,Peg,en
Margaretta,Peggy,en
Margaretta,Rita,en
Margarita,Daisy,en
Margarita,Greta,en
Margarita,Madge,en
Margarita,Maggie,en
Margarita,Maisie,en
Margarita,Marge,en
Margarita,Margo,en
Margarita,Meg,en
Margarita,Megan,en
Margarita,Metta,en
Margarita,Midge,en
Margarita,Peggie,en
Margarita,Rita,en
Marge,Margaret,en
Marge,Margaretta,en
Marge,Margery,en
Margie,Marjorie,en
Marguerite,Peggy,en
Mariah,Maria,en
Mariah,Mary,en
Marian,Marianna,en
Marian,Marion,en
Marie,Mae,en
Marie,Mary,en
Marietta,Mae,en
Marietta,Mamie,en
Marietta,Maria,en
Marietta,Mariah,en
Marietta,Marie,en
Marietta,Marion,en
Marietta,Mary,en
Marietta,Maureen,en
Marietta,May,en
Marietta,Mercy,en
Marietta,Minnie,en
Marietta,Mitzi,en
Marietta,Mollie,en
Marietta,Molly,en
Marietta,Polly,en
Marilyn,Mary,en
Marion,Mary,en
Marissa,Rissa,en
Marjorie,Margie,en
Marjorie,Margy,en
Marni,Marnie,en
Marsha,Marcia,en
Marsha,Marcie,en
Marsha,Mary,en
Martha,Marty,en
Martha,Mat,en
Martha,Mattie,en
Martha,Patsy,en
Martha,Patty,en
Martin,Marty,en
Martina,Tina,en
Martine,Tine,en
Marv,Marvin,en
Marvin,Marv,en
Mary,Mae,en
Mary,Mamie,en
Mary,Marie,en
Mary,Mitzi,en
Mary,Molly,en
Mary,Polly,en
Masayuki,Masa,en
Mat,Mattie,en
Mathew,Mat,en
Mathew,Matt,en
Mathew,Maty,en
Mathilda,Patty,en
Mathilda,Tillie,en
Matilda,Matty,en
Matilda,Maud,en
Matilda,Tilla,en
Matilda,Tilly,en
Matthew,Matt,en
Matthew,Mattie,en
Matthew,Matty,en
Matthew,Thias,en
Matthew,Thys,en
Matthews,Matt,en
Matthews,Mattie,en
Matthews,Matty,en
Matthias,Matt,en
Matthias,Thias,en
Matthias,Thys,en
Maud,Middy,en
Maureen,Mary,en
Maurice,Morey,en
Mavery,Mave,en
Mavine,Mave,en
Maximilian,Max,en
Maximillian,Max,en
Maxine,Max,en
Maxwell,Max,en
May,Mae,en
Mckenna,Ken,en
Mckenna,Kenna,en
Mckenna,Meaka,en
Medora,Dora,en
Megan,Meg,en
Meghan,Meg,en
Mehitabel,Hetty,en
Mehitabel,Hitty,en
Mehitabel,Mabel,en
Mehitabel,Mitty,en
Melanie,Mellie,en
Melchizedek,Dick,en
Melchizedek,Zadock,en
Melinda,Linda,en
Melinda,Lindy,en
Melinda,Lynn,en
Melinda,Mel,en
Melinda,Mindy,en
Melissa,Lisa,en
Melissa,Lissa,en
Melissa,Mel,en
Melissa,Milly,en
Melissa,Missy,en
Mellony,Mellia,en
Melody,Lodi,en
Melvin,Mel,en
Melvina,Vina,en
Mercedes,Merci,en
Mercedes,Mercy,en
Mercedes,Sadie,en
Merv,Mervin,en
Mervin,Merv,en
Mervyn,Merv,en
Micajah,Cage,en
Michael,Micah,en
Michael,Mick,en
Michael,Mickey,en
Michael,Micky,en
Michael,Mike,en
Michael,Mikey,en
Micheal,Mike,en
Micheal,Mikey,en
Micheal,Miky,en
Michelle,Chelle,en
Michelle,Mickey,en
Michelle,Shelley,en
Michelle,Shellie,en
Michelle,Shelly,en
Michelle,Shely,en
Mick,Micky,en
Miguel,Michael,en
Miguel,Miggy,en
Miguel,Miguael,en
Miguel,Miguaell,en
Miguel,Miguail,en
Miguel,Miguaill,en
Miguel,Miguayl,en
Miguel,Miguayll,en
Miguel,Miguell,en
Miguel,Mike,en
Mike,Michael,en
Mike,Mick,en
Mike,Micky,en
Mildred,Milly,en
Millicent,Milly,en
Millicent,Missy,en
Minerva,Minnie,en
Minnie,Wilhelmina,en
Miranda,Mandy,en
Miranda,Mira,en
Miranda,Randi,en
Miranda,Randy,en
Miriam,Mimi,en
Miriam,Mitzi,en
Miriam,Mitzie,en
Missy,Melissa,en
Mitch,Mitchell,en
Mitchell,Mitch,en
Mitzi,Mary,en
Mitzi,Mittie,en
Mitzi,Mitty,en
Mitzie,Mittie,en
Mitzie,Mitty,en
Monet,Nettie,en
Monica,Monna,en
Monica,Monnie,en
Monteleon,Monte,en
Montesque,Monty,en
Montgomery,Gum,en
Montgomery,Monty,en
Monty,Lamont,en
Morris,Morey,en
Mortimer,Mort,en
Moses,Amos,en
Moses,Mose,en
Moses,Moss,en
Muriel,Mur,en
Myrtle,Mert,en
Myrtle,Myrt,en
Myrtle,Myrti,en
Nadine,Deedee,en
Nadine,Nada,en
Nancy,Ann,en
Nancy,Nan,en
Nancy,Nanny,en
Naomi,Omi,en
Napoleon,Leon,en
Napoleon,Nap,en
Napoleon,Nappy,en
Natalie,Natty,en
Natalie,Nettie,en
Natasha,Nat,en
Natasha,Tasha,en
Nathan,Nat,en
Nathan,Nate,en
Nathaniel,Nat,en
Nathaniel,Nate,en
Nathaniel,Nathan,en
Nathaniel,Natty,en
Nathaniel,Than,en
Nelle,Nelly,en
Nelson,Nels,en
Newt,Newton,en
Newton,Newt,en
Nicholas,Claas,en
Nicholas,Claes,en
Nicholas,Nic,en
Nicholas,Nick,en
Nicholas,Nickie,en
Nicholas,Nicky,en
Nicholas,Nico,en
Nicholette,Cole,en
Nicholette,Nichole,en
Nicholette,Nickey,en
Nicholette,Nicki,en
Nicholette,Nicky,en
Nicholette,Nicole,en
Nicholette,Nikki,en
Nicodemus,Nic,en
Nicodemus,Nick,en
Nicodemus,Nickie,en
Nicodemus,Nicky,en
Nicodemus,Nico,en
Nicolas,Nic,en
Nicolas,Nick,en
Nicolas,Nickie,en
Nicolas,Nicky,en
Nicolas,Nico,en
Nicole,Cole,en
Nicole,Nicki,en
Nicole,Nicky,en
Nicole,Nikki,en
Nicole,Nole,en
Nikolas,Claes,en
Nikolas,Nic,en
Nikolas,Nick,en
Nikolas,Nickie,en
Nikolas,Nicky,en
Nikolas,Nico,en
Nikole,Nikki,en
Nora,Nonie,en
Norbert,Bert,en
Norbert,Norby,en
Norbusamte,Norbu,en
Norman,Norm,en
Nowell,Noel,en
Obadiah,Diah,en
Obadiah,Dyer,en
Obadiah,Obed,en
Obadiah,Obie,en
Obediah,Obie,en
Obedience,Beda,en
Obedience,Beedy,en
Obedience,Biddie,en
Obedience,Obed,en
Obie,Obediah,en
Octavia,Tave,en
Octavia,Tavia,en
Odell,Odo,en
Olive,Livia,en
Olive,Nollie,en
Olive,Ollie,en
Oliver,Ollie,en
Olivia,Livia,en
Olivia,Nollie,en
Olivia,Ollie,en
Ollie,Oliver,en
Onicyphorous,Cy,en
Onicyphorous,Cyphorus,en
Onicyphorous,One,en
Onicyphorous,Osaforum,en
Onicyphorous,Osaforus,en
Onicyphorous,Syphorous,en
Orilla,Ora,en
Orilla,Rilly,en
Orlando,Roland,en
Orphelia,Phelia,en
Ossy,Ozzy,en
Oswald,Ossy,en
Oswald,Ozzy,en
Oswald,Waldo,en
Otis,Ode,en
Otis,Ote,en
Pamela,Pam,en
Pandora,Dora,en
Parmelia,Amelia,en
Parmelia,Melia,en
Parmelia,Milly,en
Parthenia,Parsuny,en
Parthenia,Pasoonie,en
Parthenia,Phenie,en
Parthenia,Teeny,en
Patience,Pat,en
Patience,Patty,en
Patricia,Pat,en
Patricia,Patsy,en
Patricia,Patti,en
Patricia,Patty,en
Patricia,Tricia,en
Patricia,Trish,en
Patricia,Trisha,en
Patrick,Paddy,en
Patrick,Pat,en
Patrick,Pate,en
Patrick,Patsy,en
Patrick,Peter,en
Patsy,Patty,en
Patty,Patricia,en
Paul,Polly,en
Paula,Lina,en
Paula,Polly,en
Paulina,Lina,en
Paulina,Polly,en
Pauline,Polly,en
Peggy,Peg,en
Pelegrine,Perry,en
Penelope,Penny,en
Percival,Percy,en
Peregrine,Perry,en
Permelia,Mellie,en
Permelia,Melly,en
Permelia,Milly,en
Pernetta,Nettie,en
Persephone,Seph,en
Persephone,Sephy,en
Peter,Pate,en
Peter,Pete,en
Petronella,Nellie,en
Pheney,Josephine,en
Pheriba,Ferbie,en
Pheriba,Pherbia,en
Philadelphia,Delphia,en
Philander,Fie,en
Philetus,Leet,en
Philetus,Phil,en
Philinda,Linda,en
Philinda,Lindy,en
Philinda,Lynn,en
Philip,Phil,en
Philip,Pip,en
Philipina,Penie,en
Philipina,Phoebe,en
Philipina,Pip,en
Phillip,Phil,en
Phillip,Pip,en
Philly,Delphia,en
Philomena,Menaalmena,en
Phoebe,Fifi,en
Pinckney,Pink,en
Pleasant,Ples,en
Pocahontas,Pokey,en
Posthuma,Humey,en
Prescott,Pres,en
Prescott,Scott,en
Prescott,Scotty,en
Priscilla,Cilla,en
Priscilla,Cissy,en
Priscilla,Prissy,en
Providence,Provy,en
Prudence,Prudy,en
Prudence,Prue,en
Prudy,Prudence,en
Rachel,Rachael,en
Rachel,Shelly,en
Rafaela,Rafa,en
Ramona,Mona,en
Randall,Randy,en
Randolf,Dolph,en
Randolf,Randy,en
Randolph,Dolph,en
Randolph,Randy,en
Raphael,Ralph,en
Ray,Raymond,en
Raymond,Ray,en
Reba,Becca,en
Reba,Beck,en
Rebecca,Becca,en
Rebecca,Beck,en
Rebecca,Becky,en
Rebecca,Reba,en
Reggie,Reg,en
Reggie,Reginald,en
Regina,Gina,en
Regina,Reggie,en
Reginald,Naldo,en
Reginald,Reg,en
Reginald,Reggie,en
Reginald,Renny,en
Relief,Leafa,en
Reuben,Rube,en
Reynold,Reginald,en
Rhoda,Rodie,en
Rhodella,Della,en
Rhyna,Rhynie,en
Ricardo,Rick,en
Ricardo,Ricky,en
Rich,Dick,en
Rich,Rick,en
Richard,Dick,en
Richard,Dickie,en
Richard,Dickon,en
Richard,Dicky,en
Richard,Rich,en
Richard,Richie,en
Richard,Rick,en
Richard,Ricky,en
Rick,Ricky,en
Ricky,Dick,en
Ricky,Rich,en
Robert,Bill,en
Robert,Billy,en
Robert,Bob,en
Robert,Bobby,en
Robert,Dob,en
Robert,Dobbin,en
Robert,Hob,en
Robert,Hobkin,en
Robert,Rob,en
Robert,Robby,en
Robert,Rupert,en
Roberta,Bert,en
Roberta,Bertie,en
Roberta,Birdie,en
Roberta,Birtie,en
Roberta,Bobbie,en
Roberta,Robbie,en
Roberta,Roby,en
Roberto,Rob,en
Roderick,Erick,en
Roderick,Rickie,en
Roderick,Rod,en
Roderick,Roddy,en
Rodger,Bobby,en
Rodger,Hodge,en
Rodger,Rod,en
Rodger,Roge,en
Rodger,Roger,en
Rodney,Rod,en
Roger,Bobby,en
Roger,Hodge,en
Roger,Rod,en
Roger,Rodger,en
Roger,Roge,en
Roland,Lanny,en
Roland,Orlando,en
Roland,Rollo,en
Roland,Rolly,en
Ron,Ronnie,en
Ron,Ronny,en
Ronald,Naldo,en
Ronald,Ron,en
Ronald,Ronnie,en
Ronald,Ronny,en
Ronny,Ronald,en
Rosa,Rose,en
Rosabel,Belle,en
Rosabel,Rosa,en
Rosabel,Rose,en
Rosabel,Roz,en
Rosabella,Bella,en
Rosabella,Belle,en
Rosabella,Rosa,en
Rosabella,Rose,en
Rosabella,Roz,en
Rosaenn,Ann,en
Rosaenna,Ann,en
Rosalinda,Linda,en
Rosalinda,Rosa,en
Rosalinda,Rose,en
Rosalinda,Roz,en
Rosalyn,Linda,en
Rosalyn,Rosa,en
Rosalyn,Rose,en
Rosalyn,Roz,en
Roscoe,Ross,en
Rose,Rosie,en
Roseann,Ann,en
Roseann,Rose,en
Roseann,Rosie,en
Roseann,Roz,en
Roseanna,Ann,en
Roseanna,Rose,en
Roseanna,Rosie,en
Roseanna,Roz,en
Roseanne,Ann,en
Rosemary,Marie,en
Rosemary,Mary,en
Rosemary,Rose,en
Rosemary,Rosemarie,en
Rosemary,Rosey,en
Rosina,Sina,en
Roxane,Rox,en
Roxane,Roxie,en
Roxanna,Ann,en
Roxanna,Rose,en
Roxanna,Roxie,en
Roxanne,Ann,en
Roxanne,Rose,en
Roxanne,Roxie,en
Rudolph,Dolph,en
Rudolph,Olph,en
Rudolph,Rolf,en
Rudolph,Rudy,en
Rudolphus,Dolph,en
Rudolphus,Olph,en
Rudolphus,Rolf,en
Rudolphus,Rudy,en
Russell,Russ,en
Russell,Rusty,en
Ryan,Ry,en
Sabrina,Brina,en
Safieel,Safie,en
Salome,Loomie,en
Salvador,Sal,en
Salvador,Sally,en
Sam,Sammy,en
Samantha,Mantha,en
Samantha,Sam,en
Samantha,Sammy,en
Sampson,Sam,en
Sampson,Sammy,en
Samson,Sam,en
Samson,Sammy,en
Samuel,Sam,en
Samuel,Sammy,en
Samyra,Myra,en
Samyra,Sam,en
Samyra,Sammy,en
Sandra,Cassandra,en
Sandra,Sandy,en
Sandy,Sandra,en
Sanford,Sandy,en
Sarah,Sadie,en
Sarah,Sally,en
Sarah,Sara,en
Sarilla,Silla,en
Savannah,Anna,en
Savannah,Savanna,en
Savannah,Vannie,en
Scott,Sceeter,en
Scott,Scottie,en
Scott,Scotty,en
Scott,Squat,en
Sebastian,Seb,en
Sebastian,Sebby,en
Selma,Anselm,en
Serena,Rena,en
Serilla,Rilla,en
Seymour,Morey,en
Seymour,See,en
Shaina,Sha,en
Shaina,Shay,en
Sharon,Sha,en
Sharon,Shay,en
Shaun,Shawn,en
Shawn,Shaun,en
Sheila,Cecilia,en
Sheldon,Shelly,en
Shelton,Shel,en
Shelton,Shelly,en
Shelton,Tony,en
Sheridan,Dan,en
Sheridan,Danny,en
Sheridan,Sher,en
Sheryl,Cheri,en
Sheryl,Cherie,en
Sheryl,Sher,en
Sheryl,Sheri,en
Sheryl,Sherri,en
Sheryl,Sherry,en
Sheryl,Sherryl,en
Shirley,Lee,en
Shirley,Sherry,en
Shirley,Shirl,en
Sibbilla,Sibbell,en
Sibbilla,Sibbie,en
Sibbilla,Sybill,en
Sidney,Sid,en
Sidney,Syd,en
Sigfired,Sid,en
Sigfrid,Sid,en
Sigismund,Sig,en
Silas,Si,en
Silence,Liley,en
Silvester,Si,en
Silvester,Sly,en
Silvester,Syl,en
Silvester,Vest,en
Silvester,Vester,en
Simeon,Si,en
Simeon,Sion,en
Simon,Si,en
Simon,Sion,en
Smith,Smitty,en
Socrates,Crate,en
Solomon,Sal,en
Solomon,Salmon,en
Solomon,Saul,en
Solomon,Sol,en
Solomon,Solly,en
Solomon,Zolly,en
Sondra,Dre,en
Sondra,Sonnie,en
Sophia,Sophie,en
Sophronia,Frona,en
Sophronia,Fronia,en
Sophronia,Sophia,en
Stacey,Staci,en
Stacey,Stacie,en
Stacey,Stacy,en
Stacie,Stacey,en
Stacie,Staci,en
Stacie,Stacy,en
Stacy,Staci,en
Stephan,Steve,en
Stephanie,Annie,en
Stephanie,Steffi,en
Stephanie,Steffie,en
Stephanie,Steph,en
Stephanie,Stephani,en
Stephanie,Stephany,en
Stephanie,Stephie,en
Stephanie,Stephine,en
Stephanie,Stevie,en
Stephen,Steph,en
Stephen,Steve,en
Steven,Steph,en
Steven,Steve,en
Steven,Stevie,en
Stuart,Stu,en
Sue,Susan,en
Sue,Susie,en
Sullivan,Sully,en
Sullivan,Van,en
Susan,Hannah,en
Susan,Sue,en
Susan,Sukey,en
Susan,Susie,en
Susan,Suzie,en
Susannah,Hannah,en
Susannah,Sue,en
Susannah,Sukey,en
Susannah,Susie,en
Susie,Suzie,en
Suzanne,Sue,en
Suzanne,Suki,en
Suzanne,Susie,en
Sybill,Sibbie,en
Sydney,Sid,en
Sylvanus,Sly,en
Sylvanus,Syl,en
Sylvester,Si,en
Sylvester,Sly,en
Sylvester,Sy,en
Sylvester,Syl,en
Sylvester,Vessie,en
Sylvester,Vester,en
Sylvester,Vet,en
Tabby,Tabitha,en
Tabitha,Tabby,en
Tamarra,Tammy,en
Tammie,Tami,en
Tammie,Tammy,en
Tammy,Tami,en
Tammy,Tammie,en
Tanafra,Tanny,en
Tasha,Tash,en
Tasha,Tashie,en
Ted,Teddy,en
Temperance,Tempy,en
Terence,Terry,en
Teresa,Terry,en
Teresa,Tess,en
Teresa,Tessa,en
Teresa,Tessie,en
Terri,Teri,en
Terri,Terrie,en
Terri,Terry,en
Terry,Terence,en
Tess,Teresa,en
Tess,Theresa,en
Tessa,Teresa,en
Tessa,Theresa,en
Thad,Thaddeus,en
Thaddeus,Thad,en
Theo,Theodore,en
Theodora,Dora,en
Theodore,Ted,en
Theodore,Teddy,en
Theodore,Theo,en
Theodosia,Dosia,en
Theodosia,Theo,en
Theodosia,Theodosius,en
Theophilus,Ophi,en
Theotha,Otha,en
Theresa,Terry,en
Theresa,Tess,en
Theresa,Tessa,en
Theresa,Tessie,en
Theresa,Thirza,en
Theresa,Thursa,en
Theresa,Traci,en
Theresa,Tracie,en
Theresa,Tracy,en
Thom,Thomas,en
Thom,Tom,en
Thom,Tommy,en
Thomas,Thom,en
Thomas,Tom,en
Thomas,Tommy,en
Thomasa,Tamzine,en
Tiffany,Tiff,en
Tiffany,Tiffy,en
Tilford,Tillie,en
Tim,Timmy,en
Timothy,Tim,en
Timothy,Timmy,en
Tina,Christina,en
Tisha,Tish,en
Tobias,Bias,en
Tobias,Toby,en
Tom,Thomas,en
Tom,Tommy,en
Tony,Anthony,en
Tranquilla,Quilla,en
Tranquilla,Trannie,en
Trish,Patricia,en
Trish,Trisha,en
Trix,Trixie,en
Trudy,Gertrude,en
Tryphena,Phena,en
Unice,Eunice,en
Unice,Nicie,en
Uriah,Riah,en
Ursula,Sula,en
Ursula,Sulie,en
Valentina,Felty,en
Valentina,Val,en
Valentina,Vallie,en
Valentine,Felty,en
Valeri,Val,en
Valeri,Valerie,en
Valerie,Val,en
Vanburen,Buren,en
Vandalia,Vannie,en
Vanessa,Essa,en
Vanessa,Nessa,en
Vanessa,Vanna,en
Vernisee,Nicey,en
Veronica,Franky,en
Veronica,Frony,en
Veronica,Ron,en
Veronica,Ronie,en
Veronica,Ronna,en
Veronica,Ronnie,en
Veronica,Ronny,en
Veronica,Vonnie,en
Vic,Vicki,en
Vic,Vickie,en
Vic,Vicky,en
Vic,Victor,en
Vicki,Vickie,en
Vicki,Vicky,en
Vicki,Victoria,en
Victor,Vic,en
Victoria,Tori,en
Victoria,Torie,en
Victoria,Torri,en
Victoria,Torrie,en
Victoria,Tory,en
Victoria,Vic,en
Victoria,Vicki,en
Victoria,Vickie,en
Victoria,Vicky,en
Vijay,Vij,en
Vincent,Vic,en
Vincent,Vin,en
Vincent,Vince,en
Vincent,Vinnie,en
Vincent,Vinny,en
Vincenzo,Vic,en
Vincenzo,Vin,en
Vincenzo,Vince,en
Vincenzo,Vinnie,en
Vincenzo,Vinny,en
Vinson,Vin,en
Vinson,Vince,en
Vinson,Vinnie,en
Vinson,Vinny,en
Viola,Ola,en
Viola,Vi,en
Violetta,Lettie,en
Virginia,Ginger,en
Virginia,Ginny,en
Virginia,Jane,en
Virginia,Jennie,en
Virginia,Virgy,en
Vivian,Vi,en
Vivian,Viv,en
Waldo,Ossy,en
Waldo,Ozzy,en
Wallace,Wally,en
Wally,Walt,en
Walter,Wally,en
Walter,Walt,en
Washington,Wash,en
Webster,Webb,en
Wendy,Wen,en
Wesley,Wes,en
Westley,Farmboy,en
Westley,Wes,en
Westley,West,en
Wilber,Bert,en
Wilber,Will,en
Wilbur,Will,en
Wilbur,Willie,en
Wilbur,Willy,en
Wilda,Willie,en
Wilfred,Fred,en
Wilfred,Wil,en
Wilfred,Will,en
Wilfred,Willie,en
Wilhelm,Wil,en
Wilhelm,Willie,en
Wilhelmina,Mina,en
Wilhelmina,Minnie,en
Wilhelmina,Willie,en
Wilhelmina,Wilma,en
Will,Bill,en
Will,Fred,en
Will,Wilbur,en
Will,Willie,en
William,Bela,en
William,Bell,en
William,Bill,en
William,Billy,en
William,Wil,en
William,Will,en
William,Willie,en
William,Willy,en
Willie,Fred,en
Willie,William,en
Willis,Bill,en
Willis,Willy,en
Wilma,Billiewilhelm,en
Wilma,William,en
Wilson,Will,en
Wilson,Willie,en
Wilson,Willy,en
Winfield,Field,en
Winfield,Win,en
Winfield,Winny,en
Winifred,Freddie,en
Winifred,Winnet,en
Winifred,Winnie,en
Winnie,Winnifred,en
Winnifred,Fred,en
Winnifred,Freddie,en
Winnifred,Freddy,en
Winnifred,Winnie,en
Winnifred,Winny,en
Winny,Winnifred,en
Winton,Wint,en
Woodrow,Drew,en
Woodrow,Wood,en
Woodrow,Woody,en
Yeona,Ona,en
Yeona,Onie,en
Yoshihiko,Yoshi,en
Yulan,Lan,en
Yulan,Yul,en
Yvonne,Vonna,en
Zach,Zack,en
Zach,Zak,en
Zachariah,Zac,en
Zachariah,Zach,en
Zachariah,Zachy,en
Zachariah,Zack,en
Zachariah,Zak,en
Zachariah,Zakk,en
Zachariah,Zeke,en
Zachary,Zac,en
Zachary,Zach,en
Zachary,Zachy,en
Zachary,Zack,en
Zachary,Zak,en
Zachary,Zakk,en
Zachary,Zeke,en
Zachery,Zac,en
Zachery,Zach,en
Zachery,Zachy,en
Zachery,Zack,en
Zachery,Zak,en
Zachery,Zakk,en
Zachery,Zeke,en
Zack,Zach,en
Zack,Zak,en
Zebedee,Zeb,en
Zedediah,Diah,en
Zedediah,Dyer,en
Zedediah,Zed,en
Zephaniah,Zeph,en
